Zipcode,Zone
005,Z
006,Z
007,Z
008,Z
009,Z
010,C
011,C
012,C
013,C
014,C
015,C
016,C
017,C
018,C
019,C
020,C
021,C
022,C
023,C
024,C
025,C
026,C
027,C
028,C
029,C
030,C
031,C
032,C
033,C
034,C
035,C
036,C
037,C
038,C
039,C
040,C
041,C
042,C
043,C
044,C
045,C
046,C
047,C
048,C
049,C
050,C
051,C
052,C
053,C
054,C
055,C
056,C
057,C
058,C
059,C
060,C
061,C
062,C
063,C
064,C
065,C
066,C
067,C
068,C
069,C
070,C
071,C
072,C
073,C
074,C
075,C
076,C
077,C
078,C
079,C
080,C
081,C
082,C
083,C
084,C
085,C
086,C
087,C
088,C
089,C
090,Z
091,Z
092,Z
093,Z
094,Z
095,Z
096,Z
097,Z
098,Z
100,C
101,C
102,C
103,C
104,C
105,C
106,C
107,C
108,C
109,C
110,C
111,C
112,C
113,C
114,C
115,C
116,C
117,C
118,C
119,C
120,C
121,C
122,C
123,C
124,C
125,C
126,C
127,C
128,C
129,C
130,C
131,C
132,C
133,C
134,C
135,C
136,C
137,C
138,C
139,C
140,C
141,C
142,C
143,C
144,C
145,C
146,C
147,C
148,C
149,C
150,C
151,C
152,C
153,C
154,C
155,C
156,C
157,C
158,C
159,C
160,C
161,C
162,C
163,C
164,C
165,C
166,C
167,C
168,C
169,C
170,C
171,C
172,C
173,C
174,C
175,C
176,C
177,C
178,C
179,C
180,C
181,C
182,C
183,C
184,C
185,C
186,C
187,C
188,C
189,C
190,C
191,C
192,C
193,C
194,C
195,C
196,C
197,C
198,C
199,C
200,C
201,C
202,C
203,C
204,C
205,C
206,C
207,C
208,C
209,C
210,C
211,C
212,C
214,C
215,C
216,C
217,C
218,C
219,C
220,C
221,C
222,C
223,C
224,C
225,C
226,C
227,C
228,C
229,C
230,C
231,C
232,C
233,C
234,C
235,C
236,C
237,C
238,C
239,C
240,C
241,C
242,C
243,C
244,C
245,C
246,C
247,C
248,C
249,C
250,C
251,C
252,C
253,C
254,C
255,C
256,C
257,C
258,C
259,C
260,C
261,C
262,C
263,C
264,C
265,C
266,C
267,C
268,C
270,C
271,C
272,C
273,C
274,C
275,C
276,C
277,C
278,C
279,C
280,C
281,C
282,C
283,C
284,C
285,C
286,C
287,C
288,C
289,C
290,C
291,C
292,C
293,C
294,C
295,C
296,C
297,C
298,C
299,C
300,C
301,C
302,C
303,C
304,C
305,C
306,C
307,C
308,C
309,C
310,C
311,C
312,C
313,C
314,C
315,C
316,C
317,C
318,C
319,C
320,C
321,C
322,C
323,C
324,C
325,C
326,C
327,C
328,C
329,C
330,C
331,C
332,C
333,C
334,C
335,C
336,C
337,C
338,C
339,C
340,Z
341,C
342,C
344,C
346,C
347,C
349,C
350,C
351,C
352,C
354,C
355,C
356,C
357,C
358,C
359,C
360,C
361,C
362,C
363,C
364,C
365,C
366,C
367,C
368,C
369,C
370,C
371,C
372,C
373,C
374,C
375,C
376,C
377,C
378,C
379,C
380,C
381,C
382,C
383,C
384,C
385,C
386,C
387,C
388,C
389,C
390,C
391,C
392,C
393,C
394,C
395,C
396,C
397,C
398,C
399,C
400,C
401,C
402,C
403,C
404,C
405,C
406,C
407,C
408,C
409,C
410,C
411,C
412,C
413,C
414,C
415,C
416,C
417,C
418,C
420,C
421,C
422,C
423,C
424,C
425,C
426,C
427,C
430,C
431,C
432,C
433,C
434,C
435,C
436,C
437,C
438,C
439,C
440,C
441,C
442,C
443,C
444,C
445,C
446,C
447,C
448,C
449,C
450,C
451,C
452,C
453,C
454,C
455,C
456,C
457,C
458,C
459,C
460,C
461,C
462,C
463,C
464,C
465,C
466,C
467,C
468,C
469,C
470,C
471,C
472,C
473,C
474,C
475,C
476,C
477,C
478,C
479,C
480,C
481,C
482,C
483,C
484,C
485,C
486,C
487,C
488,C
489,C
490,C
491,C
492,C
493,C
494,C
495,C
496,C
497,C
498,C
499,C
500,C
501,C
502,C
503,C
504,C
505,C
506,C
507,C
508,C
509,C
510,C
511,C
512,C
513,C
514,C
515,C
516,C
520,C
521,C
522,C
523,C
524,C
525,C
526,C
527,C
528,C
530,C
531,C
532,C
534,C
535,C
537,C
538,C
539,C
540,C
541,C
542,C
543,C
544,C
545,C
546,C
547,C
548,C
549,C
550,C
551,C
553,C
554,C
555,C
556,C
557,C
558,C
559,C
560,C
561,C
562,C
563,C
564,C
565,C
566,C
567,C
570,C
571,C
572,C
573,C
574,C
575,C
576,C
577,C
580,C
581,C
582,C
583,C
584,C
585,C
586,C
587,C
588,C
590,C
591,C
592,C
593,C
594,C
595,C
596,C
597,C
598,C
599,C
600,C
601,C
602,C
603,C
604,C
605,C
606,C
607,C
608,C
609,C
610,C
611,C
612,C
613,C
614,C
615,C
616,C
617,C
618,C
619,C
620,C
622,C
623,C
624,C
625,C
626,C
627,C
628,C
629,C
630,C
631,C
633,C
634,C
635,C
636,C
637,C
638,C
639,C
640,C
641,C
644,C
645,C
646,C
647,C
648,C
649,C
650,C
651,C
652,C
653,C
654,C
655,C
656,C
657,C
658,C
660,C
661,C
662,C
664,C
665,C
666,C
667,C
668,C
669,C
670,C
671,C
672,C
673,C
674,C
675,C
676,C
677,C
678,C
679,C
680,C
681,C
683,C
684,C
685,C
686,C
687,C
688,C
689,C
690,C
691,C
692,C
693,C
700,C
701,C
703,C
704,C
705,C
706,C
707,C
708,C
710,C
711,C
712,C
713,C
714,C
716,C
717,C
718,C
719,C
720,C
721,C
722,C
723,C
724,C
725,C
726,C
727,C
728,C
729,C
730,C
731,C
733,C
734,C
735,C
736,C
737,C
738,C
739,C
740,C
741,C
743,C
744,C
745,C
746,C
747,C
748,C
749,C
750,C
751,C
752,C
753,C
754,C
755,C
756,C
757,C
758,C
759,C
760,C
761,C
762,C
763,C
764,C
765,C
766,C
767,C
768,C
769,C
770,C
772,C
773,C
774,C
775,C
776,C
777,C
778,C
779,C
780,C
781,C
782,C
783,C
784,C
785,C
786,C
787,C
788,C
789,C
790,C
791,C
792,C
793,C
794,C
795,C
796,C
797,C
798,C
799,C
800,C
801,C
802,C
803,C
804,C
805,C
806,C
807,C
808,C
809,C
810,C
811,C
812,C
813,C
814,C
815,C
816,C
820,C
821,C
822,C
823,C
824,C
825,C
826,C
827,C
828,C
829,C
830,C
831,C
832,C
833,C
834,C
835,C
836,C
837,C
838,C
840,C
841,C
842,C
843,C
844,C
845,C
846,C
847,C
850,C
851,C
852,C
853,C
855,C
856,C
857,C
859,C
860,C
863,C
864,C
865,C
870,C
871,C
873,C
874,C
875,C
877,C
878,C
879,C
880,C
881,C
882,C
883,C
884,C
885,C
889,B
890,B
891,B
893,B
894,B
895,B
897,B
898,B
900,B
901,B
902,B
903,B
904,B
905,B
906,B
907,B
908,B
910,B
911,B
912,B
913,B
914,B
915,B
916,B
917,B
918,B
919,B
920,B
921,B
922,B
923,B
924,B
925,B
926,B
927,B
928,B
930,B
931,B
932,B
933,B
934,B
935,B
936,B
937,B
938,B
939,B
940,B
941,B
942,B
943,B
944,B
945,B
946,B
947,B
948,B
949,B
950,B
951,B
952,B
953,B
954,B
955,B
956,B
957,B
958,B
959,B
960,B
961,B
962,Z
963,Z
964,Z
965,Z
966,Z
967,Z
968,Z
969,Z
970,B
971,B
972,C
973,B
974,B
975,B
976,B
977,B
978,B
979,B
980,C
981,C
982,C
983,C
984,C
985,C
986,C
988,C
989,C
990,C
991,C
992,C
993,C
994,C
995,Z
996,Z
997,Z
998,Z
999,Z
89400,A
89401,A
89402,A
89403,A
89405,A
89406,A
89407,A
89408,A
89409,A
89410,A
89411,A
89412,A
89413,A
89415,A
89416,A
89417,A
89419,A
89420,A
89422,A
89423,A
89424,A
89427,A
89428,A
89429,A
89430,A
89431,A
89432,A
89433,A
89434,A
89435,A
89436,A
89437,A
89439,A
89440,A
89441,A
89442,A
89443,A
89444,A
89447,A
89448,A
89449,A
89450,A
89451,A
89452,A
89453,A
89454,A
89455,A
89456,A
89457,A
89458,A
89459,A
89460,A
89461,A
89462,A
89463,A
89464,A
89465,A
89466,A
89467,A
89468,A
89469,A
89470,A
89471,A
89472,A
89473,A
89474,A
89475,A
89476,A
89477,A
89478,A
89479,A
89480,A
89481,A
89482,A
89483,A
89484,A
89485,A
89486,A
89487,A
89488,A
89489,A
89490,A
89491,A
89492,A
89493,A
89494,A
89495,A
89496,A
89497,A
89498,A
89499,A
89500,A
89501,A
89502,A
89503,A
89504,A
89505,A
89506,A
89507,A
89508,A
89509,A
89510,A
89511,A
89512,A
89513,A
89514,A
89515,A
89516,A
89517,A
89518,A
89519,A
89520,A
89521,A
89522,A
89523,A
89524,A
89525,A
89526,A
89527,A
89528,A
89529,A
89530,A
89531,A
89532,A
89533,A
89534,A
89535,A
89536,A
89537,A
89538,A
89539,A
89540,A
89541,A
89542,A
89543,A
89544,A
89545,A
89546,A
89547,A
89548,A
89549,A
89550,A
89551,A
89552,A
89553,A
89554,A
89555,A
89556,A
89557,A
89558,A
89559,A
89560,A
89561,A
89562,A
89563,A
89564,A
89565,A
89566,A
89567,A
89568,A
89569,A
89570,A
89571,A
89572,A
89573,A
89574,A
89575,A
89576,A
89577,A
89578,A
89579,A
89580,A
89581,A
89582,A
89583,A
89584,A
89585,A
89586,A
89587,A
89588,A
89589,A
89590,A
89591,A
89592,A
89593,A
89594,A
89595,A
89596,A
89597,A
89598,A
89599,A
89700,A
89701,A
89702,A
89703,A
89704,A
89705,A
89706,A
89707,A
89708,A
89709,A
89710,A
89711,A
89712,A
89713,A
89714,A
89715,A
89716,A
89717,A
89718,A
89719,A
89720,A
89721,A
89722,A
89723,A
89724,A
89725,A
89726,A
89727,A
89728,A
89729,A
89730,A
89731,A
89732,A
89733,A
89734,A
89735,A
89736,A
89737,A
89738,A
89739,A
89740,A
89741,A
89742,A
89743,A
89744,A
89745,A
89746,A
89747,A
89748,A
89749,A
89750,A
89751,A
89752,A
89753,A
89754,A
89755,A
89756,A
89757,A
89758,A
89759,A
89760,A
89761,A
89762,A
89763,A
89764,A
89765,A
89766,A
89767,A
89768,A
89769,A
89770,A
89771,A
89772,A
89773,A
89774,A
89775,A
89776,A
89777,A
89778,A
89779,A
89780,A
89781,A
89782,A
89783,A
89784,A
89785,A
89786,A
89787,A
89788,A
89789,A
89790,A
89791,A
89792,A
89793,A
89794,A
89795,A
89796,A
89797,A
89798,A
89799,A
93202,A
93210,A
93211,A
93213,A
93221,A
93223,A
93227,A
93228,A
93229,A
93230,A
93231,A
93232,A
93233,A
93234,A
93235,A
93236,A
93237,A
93242,A
93244,A
93245,A
93246,A
93247,A
93248,A
93262,A
93267,A
93271,A
93273,A
93274,A
93275,A
93277,A
93278,A
93279,A
93281,A
93284,A
93286,A
93288,A
93289,A
93290,A
93291,A
93292,A
93293,A
93294,A
93295,A
93296,A
93297,A
93298,A
93299,A
93600,A
93601,A
93602,A
93603,A
93604,A
93605,A
93606,A
93607,A
93608,A
93609,A
93610,A
93611,A
93612,A
93613,A
93614,A
93615,A
93616,A
93617,A
93618,A
93619,A
93620,A
93621,A
93622,A
93623,A
93624,A
93625,A
93626,A
93627,A
93628,A
93629,A
93630,A
93631,A
93632,A
93633,A
93634,A
93635,A
93636,A
93637,A
93638,A
93639,A
93640,A
93641,A
93642,A
93643,A
93644,A
93645,A
93646,A
93647,A
93648,A
93649,A
93650,A
93651,A
93652,A
93653,A
93654,A
93655,A
93656,A
93657,A
93658,A
93659,A
93660,A
93661,A
93662,A
93663,A
93664,A
93665,A
93666,A
93667,A
93668,A
93669,A
93670,A
93671,A
93672,A
93673,A
93674,A
93675,A
93676,A
93677,A
93678,A
93679,A
93680,A
93681,A
93682,A
93683,A
93684,A
93685,A
93686,A
93687,A
93688,A
93689,A
93690,A
93691,A
93692,A
93693,A
93694,A
93695,A
93696,A
93697,A
93698,A
93699,A
93700,A
93701,A
93702,A
93703,A
93704,A
93705,A
93706,A
93707,A
93708,A
93709,A
93710,A
93711,A
93712,A
93713,A
93714,A
93715,A
93716,A
93717,A
93718,A
93719,A
93720,A
93721,A
93722,A
93723,A
93724,A
93725,A
93726,A
93727,A
93728,A
93729,A
93730,A
93731,A
93732,A
93733,A
93734,A
93735,A
93736,A
93737,A
93738,A
93739,A
93740,A
93741,A
93742,A
93743,A
93744,A
93745,A
93746,A
93747,A
93748,A
93749,A
93750,A
93751,A
93752,A
93753,A
93754,A
93755,A
93756,A
93757,A
93758,A
93759,A
93760,A
93761,A
93762,A
93763,A
93764,A
93765,A
93766,A
93767,A
93768,A
93769,A
93770,A
93771,A
93772,A
93773,A
93774,A
93775,A
93776,A
93777,A
93778,A
93779,A
93780,A
93781,A
93782,A
93783,A
93784,A
93785,A
93786,A
93787,A
93788,A
93789,A
93790,A
93791,A
93792,A
93793,A
93794,A
93795,A
93796,A
93797,A
93798,A
93799,A
93800,A
93801,A
93802,A
93803,A
93804,A
93805,A
93806,A
93807,A
93808,A
93809,A
93810,A
93811,A
93812,A
93813,A
93814,A
93815,A
93816,A
93817,A
93818,A
93819,A
93820,A
93821,A
93822,A
93823,A
93824,A
93825,A
93826,A
93827,A
93828,A
93829,A
93830,A
93831,A
93832,A
93833,A
93834,A
93835,A
93836,A
93837,A
93838,A
93839,A
93840,A
93841,A
93842,A
93843,A
93844,A
93845,A
93846,A
93847,A
93848,A
93849,A
93850,A
93851,A
93852,A
93853,A
93854,A
93855,A
93856,A
93857,A
93858,A
93859,A
93860,A
93861,A
93862,A
93863,A
93864,A
93865,A
93866,A
93867,A
93868,A
93869,A
93870,A
93871,A
93872,A
93873,A
93874,A
93875,A
93876,A
93877,A
93878,A
93879,A
93880,A
93881,A
93882,A
93883,A
93884,A
93885,A
93886,A
93887,A
93888,A
93889,A
93890,A
93891,A
93892,A
93893,A
93894,A
93895,A
93896,A
93897,A
93898,A
93899,A
93900,A
93901,A
93902,A
93903,A
93904,A
93905,A
93906,A
93907,A
93908,A
93909,A
93910,A
93911,A
93912,A
93913,A
93914,A
93915,A
93916,A
93917,A
93918,A
93919,A
93920,A
93921,A
93922,A
93923,A
93924,A
93925,A
93926,A
93927,A
93928,A
93929,A
93930,A
93931,A
93932,A
93933,A
93934,A
93935,A
93936,A
93937,A
93938,A
93939,A
93940,A
93941,A
93942,A
93943,A
93944,A
93945,A
93946,A
93947,A
93948,A
93949,A
93950,A
93951,A
93952,A
93953,A
93954,A
93955,A
93956,A
93957,A
93958,A
93959,A
93960,A
93961,A
93962,A
93963,A
93964,A
93965,A
93966,A
93967,A
93968,A
93969,A
93970,A
93971,A
93972,A
93973,A
93974,A
93975,A
93976,A
93977,A
93978,A
93979,A
93980,A
93981,A
93982,A
93983,A
93984,A
93985,A
93986,A
93987,A
93988,A
93989,A
93990,A
93991,A
93992,A
93993,A
93994,A
93995,A
93996,A
93997,A
93998,A
93999,A
94000,A
94001,A
94002,A
94003,A
94004,A
94005,A
94006,A
94007,A
94008,A
94009,A
94010,A
94011,A
94012,A
94013,A
94014,A
94015,A
94016,A
94017,A
94018,A
94019,A
94020,A
94021,A
94022,A
94023,A
94024,A
94025,A
94026,A
94027,A
94028,A
94029,A
94030,A
94031,A
94032,A
94033,A
94034,A
94035,A
94036,A
94037,A
94038,A
94039,A
94040,A
94041,A
94042,A
94043,A
94044,A
94045,A
94046,A
94047,A
94048,A
94049,A
94050,A
94051,A
94052,A
94053,A
94054,A
94055,A
94056,A
94057,A
94058,A
94059,A
94060,A
94061,A
94062,A
94063,A
94064,A
94065,A
94066,A
94067,A
94068,A
94069,A
94070,A
94071,A
94072,A
94073,A
94074,A
94075,A
94076,A
94077,A
94078,A
94079,A
94080,A
94081,A
94082,A
94083,A
94084,A
94085,A
94086,A
94087,A
94088,A
94089,A
94090,A
94091,A
94092,A
94093,A
94094,A
94095,A
94096,A
94097,A
94098,A
94099,A
94100,A
94101,A
94102,A
94103,A
94104,A
94105,A
94106,A
94107,A
94108,A
94109,A
94110,A
94111,A
94112,A
94113,A
94114,A
94115,A
94116,A
94117,A
94118,A
94119,A
94120,A
94121,A
94122,A
94123,A
94124,A
94125,A
94126,A
94127,A
94128,A
94129,A
94130,A
94131,A
94132,A
94133,A
94134,A
94135,A
94136,A
94137,A
94138,A
94139,A
94140,A
94141,A
94142,A
94143,A
94144,A
94145,A
94146,A
94147,A
94148,A
94149,A
94150,A
94151,A
94152,A
94153,A
94154,A
94155,A
94156,A
94157,A
94158,A
94159,A
94160,A
94161,A
94162,A
94163,A
94164,A
94165,A
94166,A
94167,A
94168,A
94169,A
94170,A
94171,A
94172,A
94173,A
94174,A
94175,A
94176,A
94177,A
94178,A
94179,A
94180,A
94181,A
94182,A
94183,A
94184,A
94185,A
94186,A
94187,A
94188,A
94189,A
94190,A
94191,A
94192,A
94193,A
94194,A
94195,A
94196,A
94197,A
94198,A
94199,A
94200,A
94201,A
94202,A
94203,A
94204,A
94205,A
94206,A
94207,A
94208,A
94209,A
94210,A
94211,A
94212,A
94213,A
94214,A
94215,A
94216,A
94217,A
94218,A
94219,A
94220,A
94221,A
94222,A
94223,A
94224,A
94225,A
94226,A
94227,A
94228,A
94229,A
94230,A
94231,A
94232,A
94233,A
94234,A
94235,A
94236,A
94237,A
94238,A
94239,A
94240,A
94241,A
94242,A
94243,A
94244,A
94245,A
94246,A
94247,A
94248,A
94249,A
94250,A
94251,A
94252,A
94253,A
94254,A
94255,A
94256,A
94257,A
94258,A
94259,A
94260,A
94261,A
94262,A
94263,A
94264,A
94265,A
94266,A
94267,A
94268,A
94269,A
94270,A
94271,A
94272,A
94273,A
94274,A
94275,A
94276,A
94277,A
94278,A
94279,A
94280,A
94281,A
94282,A
94283,A
94284,A
94285,A
94286,A
94287,A
94288,A
94289,A
94290,A
94291,A
94292,A
94293,A
94294,A
94295,A
94296,A
94297,A
94298,A
94299,A
94300,A
94301,A
94302,A
94303,A
94304,A
94305,A
94306,A
94307,A
94308,A
94309,A
94310,A
94311,A
94312,A
94313,A
94314,A
94315,A
94316,A
94317,A
94318,A
94319,A
94320,A
94321,A
94322,A
94323,A
94324,A
94325,A
94326,A
94327,A
94328,A
94329,A
94330,A
94331,A
94332,A
94333,A
94334,A
94335,A
94336,A
94337,A
94338,A
94339,A
94340,A
94341,A
94342,A
94343,A
94344,A
94345,A
94346,A
94347,A
94348,A
94349,A
94350,A
94351,A
94352,A
94353,A
94354,A
94355,A
94356,A
94357,A
94358,A
94359,A
94360,A
94361,A
94362,A
94363,A
94364,A
94365,A
94366,A
94367,A
94368,A
94369,A
94370,A
94371,A
94372,A
94373,A
94374,A
94375,A
94376,A
94377,A
94378,A
94379,A
94380,A
94381,A
94382,A
94383,A
94384,A
94385,A
94386,A
94387,A
94388,A
94389,A
94390,A
94391,A
94392,A
94393,A
94394,A
94395,A
94396,A
94397,A
94398,A
94399,A
94400,A
94401,A
94402,A
94403,A
94404,A
94405,A
94406,A
94407,A
94408,A
94409,A
94410,A
94411,A
94412,A
94413,A
94414,A
94415,A
94416,A
94417,A
94418,A
94419,A
94420,A
94421,A
94422,A
94423,A
94424,A
94425,A
94426,A
94427,A
94428,A
94429,A
94430,A
94431,A
94432,A
94433,A
94434,A
94435,A
94436,A
94437,A
94438,A
94439,A
94440,A
94441,A
94442,A
94443,A
94444,A
94445,A
94446,A
94447,A
94448,A
94449,A
94450,A
94451,A
94452,A
94453,A
94454,A
94455,A
94456,A
94457,A
94458,A
94459,A
94460,A
94461,A
94462,A
94463,A
94464,A
94465,A
94466,A
94467,A
94468,A
94469,A
94470,A
94471,A
94472,A
94473,A
94474,A
94475,A
94476,A
94477,A
94478,A
94479,A
94480,A
94481,A
94482,A
94483,A
94484,A
94485,A
94486,A
94487,A
94488,A
94489,A
94490,A
94491,A
94492,A
94493,A
94494,A
94495,A
94496,A
94497,A
94498,A
94499,A
94500,A
94501,A
94502,A
94503,A
94504,A
94505,A
94506,A
94507,A
94508,A
94509,A
94510,A
94511,A
94512,A
94513,A
94514,A
94515,A
94516,A
94517,A
94518,A
94519,A
94520,A
94521,A
94522,A
94523,A
94524,A
94525,A
94526,A
94527,A
94528,A
94529,A
94530,A
94531,A
94532,A
94533,A
94534,A
94535,A
94536,A
94537,A
94538,A
94539,A
94540,A
94541,A
94542,A
94543,A
94544,A
94545,A
94546,A
94547,A
94548,A
94549,A
94550,A
94551,A
94552,A
94553,A
94554,A
94555,A
94556,A
94557,A
94558,A
94559,A
94560,A
94561,A
94562,A
94563,A
94564,A
94565,A
94566,A
94567,A
94568,A
94569,A
94570,A
94571,A
94572,A
94573,A
94574,A
94575,A
94576,A
94577,A
94578,A
94579,A
94580,A
94581,A
94582,A
94583,A
94584,A
94585,A
94586,A
94587,A
94588,A
94589,A
94590,A
94591,A
94592,A
94593,A
94594,A
94595,A
94596,A
94597,A
94598,A
94599,A
94600,A
94601,A
94602,A
94603,A
94604,A
94605,A
94606,A
94607,A
94608,A
94609,A
94610,A
94611,A
94612,A
94613,A
94614,A
94615,A
94616,A
94617,A
94618,A
94619,A
94620,A
94621,A
94622,A
94623,A
94624,A
94625,A
94626,A
94627,A
94628,A
94629,A
94630,A
94631,A
94632,A
94633,A
94634,A
94635,A
94636,A
94637,A
94638,A
94639,A
94640,A
94641,A
94642,A
94643,A
94644,A
94645,A
94646,A
94647,A
94648,A
94649,A
94650,A
94651,A
94652,A
94653,A
94654,A
94655,A
94656,A
94657,A
94658,A
94659,A
94660,A
94661,A
94662,A
94663,A
94664,A
94665,A
94666,A
94667,A
94668,A
94669,A
94670,A
94671,A
94672,A
94673,A
94674,A
94675,A
94676,A
94677,A
94678,A
94679,A
94680,A
94681,A
94682,A
94683,A
94684,A
94685,A
94686,A
94687,A
94688,A
94689,A
94690,A
94691,A
94692,A
94693,A
94694,A
94695,A
94696,A
94697,A
94698,A
94699,A
94700,A
94701,A
94702,A
94703,A
94704,A
94705,A
94706,A
94707,A
94708,A
94709,A
94710,A
94711,A
94712,A
94713,A
94714,A
94715,A
94716,A
94717,A
94718,A
94719,A
94720,A
94721,A
94722,A
94723,A
94724,A
94725,A
94726,A
94727,A
94728,A
94729,A
94730,A
94731,A
94732,A
94733,A
94734,A
94735,A
94736,A
94737,A
94738,A
94739,A
94740,A
94741,A
94742,A
94743,A
94744,A
94745,A
94746,A
94747,A
94748,A
94749,A
94750,A
94751,A
94752,A
94753,A
94754,A
94755,A
94756,A
94757,A
94758,A
94759,A
94760,A
94761,A
94762,A
94763,A
94764,A
94765,A
94766,A
94767,A
94768,A
94769,A
94770,A
94771,A
94772,A
94773,A
94774,A
94775,A
94776,A
94777,A
94778,A
94779,A
94780,A
94781,A
94782,A
94783,A
94784,A
94785,A
94786,A
94787,A
94788,A
94789,A
94790,A
94791,A
94792,A
94793,A
94794,A
94795,A
94796,A
94797,A
94798,A
94799,A
94800,A
94801,A
94802,A
94803,A
94804,A
94805,A
94806,A
94807,A
94808,A
94809,A
94810,A
94811,A
94812,A
94813,A
94814,A
94815,A
94816,A
94817,A
94818,A
94819,A
94820,A
94821,A
94822,A
94823,A
94824,A
94825,A
94826,A
94827,A
94828,A
94829,A
94830,A
94831,A
94832,A
94833,A
94834,A
94835,A
94836,A
94837,A
94838,A
94839,A
94840,A
94841,A
94842,A
94843,A
94844,A
94845,A
94846,A
94847,A
94848,A
94849,A
94850,A
94851,A
94852,A
94853,A
94854,A
94855,A
94856,A
94857,A
94858,A
94859,A
94860,A
94861,A
94862,A
94863,A
94864,A
94865,A
94866,A
94867,A
94868,A
94869,A
94870,A
94871,A
94872,A
94873,A
94874,A
94875,A
94876,A
94877,A
94878,A
94879,A
94880,A
94881,A
94882,A
94883,A
94884,A
94885,A
94886,A
94887,A
94888,A
94889,A
94890,A
94891,A
94892,A
94893,A
94894,A
94895,A
94896,A
94897,A
94898,A
94899,A
94900,A
94901,A
94902,A
94903,A
94904,A
94905,A
94906,A
94907,A
94908,A
94909,A
94910,A
94911,A
94912,A
94913,A
94914,A
94915,A
94916,A
94917,A
94918,A
94919,A
94920,A
94921,A
94922,A
94923,A
94924,A
94925,A
94926,A
94927,A
94928,A
94929,A
94930,A
94931,A
94932,A
94933,A
94934,A
94935,A
94936,A
94937,A
94938,A
94939,A
94940,A
94941,A
94942,A
94943,A
94944,A
94945,A
94946,A
94947,A
94948,A
94949,A
94950,A
94951,A
94952,A
94953,A
94954,A
94955,A
94956,A
94957,A
94958,A
94959,A
94960,A
94961,A
94962,A
94963,A
94964,A
94965,A
94966,A
94967,A
94968,A
94969,A
94970,A
94971,A
94972,A
94973,A
94974,A
94975,A
94976,A
94977,A
94978,A
94979,A
94980,A
94981,A
94982,A
94983,A
94984,A
94985,A
94986,A
94987,A
94988,A
94989,A
94990,A
94991,A
94992,A
94993,A
94994,A
94995,A
94996,A
94997,A
94998,A
94999,A
95000,A
95001,A
95002,A
95003,A
95004,A
95005,A
95006,A
95007,A
95008,A
95009,A
95010,A
95011,A
95012,A
95013,A
95014,A
95015,A
95016,A
95017,A
95018,A
95019,A
95020,A
95021,A
95022,A
95023,A
95024,A
95025,A
95026,A
95027,A
95028,A
95029,A
95030,A
95031,A
95032,A
95033,A
95034,A
95035,A
95036,A
95037,A
95038,A
95039,A
95040,A
95041,A
95042,A
95043,A
95044,A
95045,A
95046,A
95047,A
95048,A
95049,A
95050,A
95051,A
95052,A
95053,A
95054,A
95055,A
95056,A
95057,A
95058,A
95059,A
95060,A
95061,A
95062,A
95063,A
95064,A
95065,A
95066,A
95067,A
95068,A
95069,A
95070,A
95071,A
95072,A
95073,A
95074,A
95075,A
95076,A
95077,A
95078,A
95079,A
95080,A
95081,A
95082,A
95083,A
95084,A
95085,A
95086,A
95087,A
95088,A
95089,A
95090,A
95091,A
95092,A
95093,A
95094,A
95095,A
95096,A
95097,A
95098,A
95099,A
95100,A
95101,A
95102,A
95103,A
95104,A
95105,A
95106,A
95107,A
95108,A
95109,A
95110,A
95111,A
95112,A
95113,A
95114,A
95115,A
95116,A
95117,A
95118,A
95119,A
95120,A
95121,A
95122,A
95123,A
95124,A
95125,A
95126,A
95127,A
95128,A
95129,A
95130,A
95131,A
95132,A
95133,A
95134,A
95135,A
95136,A
95137,A
95138,A
95139,A
95140,A
95141,A
95142,A
95143,A
95144,A
95145,A
95146,A
95147,A
95148,A
95149,A
95150,A
95151,A
95152,A
95153,A
95154,A
95155,A
95156,A
95157,A
95158,A
95159,A
95160,A
95161,A
95162,A
95163,A
95164,A
95165,A
95166,A
95167,A
95168,A
95169,A
95170,A
95171,A
95172,A
95173,A
95174,A
95175,A
95176,A
95177,A
95178,A
95179,A
95180,A
95181,A
95182,A
95183,A
95184,A
95185,A
95186,A
95187,A
95188,A
95189,A
95190,A
95191,A
95192,A
95193,A
95194,A
95195,A
95196,A
95197,A
95198,A
95199,A
95200,A
95201,A
95202,A
95203,A
95204,A
95205,A
95206,A
95207,A
95208,A
95209,A
95210,A
95211,A
95212,A
95213,A
95214,A
95215,A
95216,A
95217,A
95218,A
95219,A
95220,A
95221,A
95222,A
95223,A
95224,A
95225,A
95226,A
95227,A
95228,A
95229,A
95230,A
95231,A
95232,A
95233,A
95234,A
95235,A
95236,A
95237,A
95238,A
95239,A
95240,A
95241,A
95242,A
95243,A
95244,A
95245,A
95246,A
95247,A
95248,A
95249,A
95250,A
95251,A
95252,A
95253,A
95254,A
95255,A
95256,A
95257,A
95258,A
95259,A
95260,A
95261,A
95262,A
95263,A
95264,A
95265,A
95266,A
95267,A
95268,A
95269,A
95270,A
95271,A
95272,A
95273,A
95274,A
95275,A
95276,A
95277,A
95278,A
95279,A
95280,A
95281,A
95282,A
95283,A
95284,A
95285,A
95286,A
95287,A
95288,A
95289,A
95290,A
95291,A
95292,A
95293,A
95294,A
95295,A
95296,A
95297,A
95298,A
95299,A
95300,A
95301,A
95302,A
95303,A
95304,A
95305,A
95306,A
95307,A
95308,A
95309,A
95310,A
95311,A
95312,A
95313,A
95314,A
95315,A
95316,A
95317,A
95318,A
95319,A
95320,A
95321,A
95322,A
95323,A
95324,A
95325,A
95326,A
95327,A
95328,A
95329,A
95330,A
95331,A
95332,A
95333,A
95334,A
95335,A
95336,A
95337,A
95338,A
95339,A
95340,A
95341,A
95342,A
95343,A
95344,A
95345,A
95346,A
95347,A
95348,A
95349,A
95350,A
95351,A
95352,A
95353,A
95354,A
95355,A
95356,A
95357,A
95358,A
95359,A
95360,A
95361,A
95362,A
95363,A
95364,A
95365,A
95366,A
95367,A
95368,A
95369,A
95370,A
95371,A
95372,A
95373,A
95374,A
95375,A
95376,A
95377,A
95378,A
95379,A
95380,A
95381,A
95382,A
95383,A
95384,A
95385,A
95386,A
95387,A
95388,A
95389,A
95390,A
95391,A
95392,A
95393,A
95394,A
95395,A
95396,A
95397,A
95398,A
95399,A
95400,A
95401,A
95402,A
95403,A
95404,A
95405,A
95406,A
95407,A
95408,A
95409,A
95410,A
95411,A
95412,A
95413,A
95414,A
95415,A
95416,A
95417,A
95418,A
95419,A
95420,A
95421,A
95422,A
95423,A
95424,A
95425,A
95426,A
95427,A
95428,A
95429,A
95430,A
95431,A
95432,A
95433,A
95434,A
95435,A
95436,A
95437,A
95438,A
95439,A
95440,A
95441,A
95442,A
95443,A
95444,A
95445,A
95446,A
95447,A
95448,A
95449,A
95450,A
95451,A
95452,A
95453,A
95454,A
95455,A
95456,A
95457,A
95458,A
95459,A
95460,A
95461,A
95462,A
95463,A
95464,A
95465,A
95466,A
95467,A
95468,A
95469,A
95470,A
95471,A
95472,A
95473,A
95474,A
95475,A
95476,A
95477,A
95478,A
95479,A
95480,A
95481,A
95482,A
95483,A
95484,A
95485,A
95486,A
95487,A
95488,A
95489,A
95490,A
95491,A
95492,A
95493,A
95494,A
95495,A
95496,A
95497,A
95498,A
95499,A
95585,A
95600,A
95601,A
95602,A
95603,A
95604,A
95605,A
95606,A
95607,A
95608,A
95609,A
95610,A
95611,A
95612,A
95613,A
95614,A
95615,A
95616,A
95617,A
95618,A
95619,A
95620,A
95621,A
95622,A
95623,A
95624,A
95625,A
95626,A
95627,A
95628,A
95629,A
95630,A
95631,A
95632,A
95633,A
95634,A
95635,A
95636,A
95637,A
95638,A
95639,A
95640,A
95641,A
95642,A
95643,A
95644,A
95645,A
95646,A
95647,A
95648,A
95649,A
95650,A
95651,A
95652,A
95653,A
95654,A
95655,A
95656,A
95657,A
95658,A
95659,A
95660,A
95661,A
95662,A
95663,A
95664,A
95665,A
95666,A
95667,A
95668,A
95669,A
95670,A
95671,A
95672,A
95673,A
95674,A
95675,A
95676,A
95677,A
95678,A
95679,A
95680,A
95681,A
95682,A
95683,A
95684,A
95685,A
95686,A
95687,A
95688,A
95689,A
95690,A
95691,A
95692,A
95693,A
95694,A
95695,A
95696,A
95697,A
95698,A
95699,A
95700,A
95701,A
95702,A
95703,A
95704,A
95705,A
95706,A
95707,A
95708,A
95709,A
95710,A
95711,A
95712,A
95713,A
95714,A
95715,A
95716,A
95717,A
95718,A
95719,A
95720,A
95721,A
95722,A
95723,A
95724,A
95725,A
95726,A
95727,A
95728,A
95729,A
95730,A
95731,A
95732,A
95733,A
95734,A
95735,A
95736,A
95737,A
95738,A
95739,A
95740,A
95741,A
95742,A
95743,A
95744,A
95745,A
95746,A
95747,A
95748,A
95749,A
95750,A
95751,A
95752,A
95753,A
95754,A
95755,A
95756,A
95757,A
95758,A
95759,A
95760,A
95761,A
95762,A
95763,A
95764,A
95765,A
95766,A
95767,A
95768,A
95769,A
95770,A
95771,A
95772,A
95773,A
95774,A
95775,A
95776,A
95777,A
95778,A
95779,A
95780,A
95781,A
95782,A
95783,A
95784,A
95785,A
95786,A
95787,A
95788,A
95789,A
95790,A
95791,A
95792,A
95793,A
95794,A
95795,A
95796,A
95797,A
95798,A
95799,A
95800,A
95801,A
95802,A
95803,A
95804,A
95805,A
95806,A
95807,A
95808,A
95809,A
95810,A
95811,A
95812,A
95813,A
95814,A
95815,A
95816,A
95817,A
95818,A
95819,A
95820,A
95821,A
95822,A
95823,A
95824,A
95825,A
95826,A
95827,A
95828,A
95829,A
95830,A
95831,A
95832,A
95833,A
95834,A
95835,A
95836,A
95837,A
95838,A
95839,A
95840,A
95841,A
95842,A
95843,A
95844,A
95845,A
95846,A
95847,A
95848,A
95849,A
95850,A
95851,A
95852,A
95853,A
95854,A
95855,A
95856,A
95857,A
95858,A
95859,A
95860,A
95861,A
95862,A
95863,A
95864,A
95865,A
95866,A
95867,A
95868,A
95869,A
95870,A
95871,A
95872,A
95873,A
95874,A
95875,A
95876,A
95877,A
95878,A
95879,A
95880,A
95881,A
95882,A
95883,A
95884,A
95885,A
95886,A
95887,A
95888,A
95889,A
95890,A
95891,A
95892,A
95893,A
95894,A
95895,A
95896,A
95897,A
95898,A
95899,A
95900,A
95901,A
95902,A
95903,A
95904,A
95905,A
95906,A
95907,A
95908,A
95909,A
95910,A
95911,A
95912,A
95913,A
95914,A
95915,A
95916,A
95917,A
95918,A
95919,A
95920,A
95921,A
95922,A
95923,A
95924,A
95925,A
95926,A
95927,A
95928,A
95929,A
95930,A
95931,A
95932,A
95933,A
95934,A
95935,A
95936,A
95937,A
95938,A
95939,A
95940,A
95941,A
95942,A
95943,A
95944,A
95945,A
95946,A
95947,A
95948,A
95949,A
95950,A
95951,A
95952,A
95953,A
95954,A
95955,A
95956,A
95957,A
95958,A
95959,A
95960,A
95961,A
95962,A
95963,A
95964,A
95965,A
95966,A
95967,A
95968,A
95969,A
95970,A
95971,A
95972,A
95973,A
95974,A
95975,A
95976,A
95977,A
95978,A
95979,A
95980,A
95981,A
95982,A
95983,A
95984,A
95985,A
95986,A
95987,A
95988,A
95989,A
95990,A
95991,A
95992,A
95993,A
95994,A
95995,A
95996,A
95997,A
95998,A
95999,A
96000,A
96001,A
96002,A
96003,A
96004,A
96005,A
96006,A
96007,A
96008,A
96009,A
96010,A
96011,A
96012,A
96013,A
96014,A
96016,A
96017,A
96018,A
96019,A
96020,A
96021,A
96022,A
96023,A
96024,A
96025,A
96026,A
96027,A
96028,A
96029,A
96030,A
96032,A
96033,A
96034,A
96035,A
96036,A
96037,A
96038,A
96039,A
96040,A
96041,A
96042,A
96043,A
96044,A
96045,A
96046,A
96047,A
96048,A
96049,A
96050,A
96051,A
96052,A
96053,A
96054,A
96055,A
96056,A
96057,A
96058,A
96059,A
96060,A
96061,A
96062,A
96063,A
96064,A
96065,A
96066,A
96067,A
96068,A
96069,A
96070,A
96071,A
96072,A
96073,A
96074,A
96075,A
96076,A
96077,A
96078,A
96079,A
96080,A
96081,A
96082,A
96083,A
96084,A
96085,A
96086,A
96087,A
96088,A
96089,A
96090,A
96091,A
96092,A
96093,A
96094,A
96095,A
96096,A
96097,A
96098,A
96099,A
96100,A
96102,A
96103,A
96105,A
96106,A
96107,A
96109,A
96111,A
96113,A
96114,A
96117,A
96120,A
96121,A
96122,A
96123,A
96124,A
96125,A
96126,A
96127,A
96128,A
96129,A
96130,A
96131,A
96133,A
96135,A
96136,A
96137,A
96138,A
96139,A
96140,A
96141,A
96142,A
96143,A
96144,A
96145,A
96146,A
96147,A
96148,A
96149,A
96150,A
96151,A
96152,A
96153,A
96154,A
96155,A
96156,A
96157,A
96158,A
96159,A
96160,A
96161,A
96162,A
96163,A
96164,A
96165,A
96166,A
96167,A
96168,A
96169,A
96170,A
96171,A
96172,A
96173,A
96174,A
96175,A
96176,A
96177,A
96178,A
96179,A
96180,A
96181,A
96182,A
96183,A
96184,A
96185,A
96186,A
96187,A
96188,A
96189,A
96190,A
96191,A
96192,A
96193,A
96194,A
96195,A
96196,A
96197,A
96198,A
96199,A
